{
  "status": {
    "code": 200,
    "message": "Successful"
  },
  "data": {
    "tenants": [
      {
        "TenantId": "BFS",
        "TenantName": "BFS",
        "CreateTime": "2025-10-02T22:11:27.902156",
        "UpdateTime": "2025-10-02T22:11:27.902156",
        "_rid": "1tsVAIBajWwBAAAAAAAAAA==",
        "_self": "dbs/1tsVAA==/colls/1tsVAIBajWw=/docs/1tsVAIBajWwBAAAAAAAAAA==/",
        "_etag": "\"5400c5bc-0000-0300-0000-68def8900000\"",
        "_attachments": "attachments/",
        "_ts": 1759443088
      },
      {
        "TenantId": "PIM",
        "TenantName": "PIM",
        "CreateTime": "2025-10-02T22:37:15.580991",
        "UpdateTime": "2025-10-02T22:37:15.580991",
        "_rid": "1tsVAIBajWwCAAAAAAAAAA==",
        "_self": "dbs/1tsVAA==/colls/1tsVAIBajWw=/docs/1tsVAIBajWwCAAAAAAAAAA==/",
        "_etag": "\"550083ec-0000-0300-0000-68defea00000\"",
        "_attachments": "attachments/",
        "_ts": 1759444640
      },
      {
        "TenantId": "Smith Douglas",
        "TenantName": "Smith Douglas",
        "CreateTime": "2025-10-02T22:37:45.498087",
        "UpdateTime": "2025-10-02T22:37:45.498087",
        "_rid": "1tsVAIBajWwDAAAAAAAAAA==",
        "_self": "dbs/1tsVAA==/colls/1tsVAIBajWw=/docs/1tsVAIBajWwDAAAAAAAAAA==/",
        "_etag": "\"550087f2-0000-0300-0000-68defebe0000\"",
        "_attachments": "attachments/",
        "_ts": 1759444670
      },
      {
        "TenantId": "Meritage",
        "TenantName": "Meritage",
        "CreateTime": "2025-10-02T22:38:10.112345",
        "UpdateTime": "2025-10-02T22:38:10.112345",
        "_rid": "1tsVAIBajWwEAAAAAAAAAA==",
        "_self": "dbs/1tsVAA==/colls/1tsVAIBajWw=/docs/1tsVAIBajWwEAAAAAAAAAA==/",
        "_etag": "\"55008abc-0000-0300-0000-68defed20000\"",
        "_attachments": "attachments/",
        "_ts": 1759444690
      }
    ]
  }
}
