{
  "status": {
    "code": 200,
    "message": "Successful"
  },
  "data": {
    "transactions": [
      {
        "TransactionId": "txn-001",
        "TransactionName": "Customer",
        "RequestJSON": {
          "type": "Customer",
          "action": "create",
          "parameters": {
            "customerName": "ABC Company",
            "email": "contact@abc.com",
            "phone": "+1-555-0123"
          }
        },
        "ResponseJSON": {
          "status": {
            "code": 200,
            "message": "Customer created successfully"
          },
          "data": {
            "customerId": "CUST-12345",
            "customerName": "ABC Company",
            "createdDate": "2025-01-15T10:00:00Z"
          }
        },
        "CreateTime": "2025-01-10T08:30:00Z",
        "UpdateTime": "2025-01-10T08:30:00Z",
        "_etag": "\"abc123def456\""
      },
      {
        "TransactionId": "txn-002",
        "TransactionName": "Invoice",
        "RequestJSON": {
          "type": "Invoice",
          "action": "create",
          "parameters": {
            "customerId": "CUST-12345",
            "invoiceDate": "2025-01-15",
            "items": [
              {
                "itemId": "ITEM-001",
                "quantity": 10,
                "unitPrice": 99.99
              }
            ]
          }
        },
        "ResponseJSON": {
          "status": {
            "code": 200,
            "message": "Invoice created successfully"
          },
          "data": {
            "invoiceId": "INV-001234",
            "totalAmount": 999.90,
            "status": "pending"
          }
        },
        "CreateTime": "2025-01-12T09:15:00Z",
        "UpdateTime": "2025-01-12T09:15:00Z",
        "_etag": "\"def456ghi789\""
      }
    ]
  }
}
