{
  "status": {
    "code": 200,
    "message": "Successful"
  },
  "data": {
    "tenants": [
      {
        "TenantId": "tenant-1",
        "TenantName": "Acme Corporation",
        "CreateTime": "2025-10-02T22:11:27.902156",
        "UpdateTime": "2025-10-02T22:11:27.902156",
        "_rid": "1tsVAIBajWwBAAAAAAAAAA==",
        "_self": "dbs/1tsVAA==/colls/1tsVAIBajWw=/docs/1tsVAIBajWwBAAAAAAAAAA==/",
        "_etag": "\"5400c5bc-0000-0300-0000-68def8900000\"",
        "_attachments": "attachments/",
        "_ts": 1759443088
      },
      {
        "TenantId": "tenant-2",
        "TenantName": "TechStart Industries",
        "CreateTime": "2025-10-02T22:37:15.580991",
        "UpdateTime": "2025-10-02T22:37:15.580991",
        "_rid": "1tsVAIBajWwCAAAAAAAAAA==",
        "_self": "dbs/1tsVAA==/colls/1tsVAIBajWw=/docs/1tsVAIBajWwCAAAAAAAAAA==/",
        "_etag": "\"550083ec-0000-0300-0000-68defea00000\"",
        "_attachments": "attachments/",
        "_ts": 1759444640
      },
      {
        "TenantId": "tenant-3",
        "TenantName": "Global Enterprises",
        "CreateTime": "2025-10-02T22:37:45.498087",
        "UpdateTime": "2025-10-02T22:37:45.498087",
        "_rid": "1tsVAIBajWwDAAAAAAAAAA==",
        "_self": "dbs/1tsVAA==/colls/1tsVAIBajWw=/docs/1tsVAIBajWwDAAAAAAAAAA==/",
        "_etag": "\"550087f2-0000-0300-0000-68defebe0000\"",
        "_attachments": "attachments/",
        "_ts": 1759444670
      },
      {
        "TenantId": "tenant-4",
        "TenantName": "Innovation Solutions Ltd",
        "CreateTime": "2025-10-02T22:42:40.787560",
        "UpdateTime": "2025-10-02T22:42:40.787560",
        "_rid": "1tsVAIBajWwEAAAAAAAAAA==",
        "_self": "dbs/1tsVAA==/colls/1tsVAIBajWw=/docs/1tsVAIBajWwEAAAAAAAAAA==/",
        "_etag": "\"56008627-0000-0300-0000-68deffe10000\"",
        "_attachments": "attachments/",
        "_ts": 1759444961
      },
      {
        "TenantId": "tenant-5",
        "TenantName": "Future Systems Inc",
        "CreateTime": "2025-10-02T22:42:59.978071",
        "UpdateTime": "2025-10-02T22:42:59.978071",
        "_rid": "1tsVAIBajWwFAAAAAAAAAA==",
        "_self": "dbs/1tsVAA==/colls/1tsVAIBajWw=/docs/1tsVAIBajWwFAAAAAAAAAA==/",
        "_etag": "\"5600ba2a-0000-0300-0000-68defff40000\"",
        "_attachments": "attachments/",
        "_ts": 1759444980
      }
    ]
  }
}