{
	"info": {
		"_postman_id": "test-collection-123",
		"name": "BFS Tenants Sample",
		"schema": "https://schema.getpostman.com/json/collection/v2.1.0/collection.json"
	},
	"item": [
		{
			"name": "tenants",
			"item": [
				{
					"name": "Create Tenant 1",
					"request": {
						"method": "POST",
						"header": [
							{
								"key": "X-BFS-Auth",
								"value": "e3b0c44298fc1c149afbf4c8996fb92427ae41e4649b934ca495991b7852b855",
								"type": "text"
							}
						],
						"body": {
							"mode": "raw",
							"raw": "{\n    \"TenantId\":\"tenant-1\",\n    \"TenantName\": \"Acme Corporation\"\n}",
							"options": {
								"raw": {
									"language": "json"
								}
							}
						},
						"url": {
							"raw": "https://poc-apis-bfs.azurewebsites.net/1.0/tenants",
							"protocol": "https",
							"host": [
								"poc-apis-bfs",
								"azurewebsites",
								"net"
							],
							"path": [
								"1.0",
								"tenants"
							]
						}
					},
					"response": []
				},
				{
					"name": "Create Tenant 2",
					"request": {
						"method": "POST",
						"header": [
							{
								"key": "X-BFS-Auth",
								"value": "e3b0c44298fc1c149afbf4c8996fb92427ae41e4649b934ca495991b7852b855",
								"type": "text"
							}
						],
						"body": {
							"mode": "raw",
							"raw": "{\n    \"TenantId\":\"tenant-2\",\n    \"TenantName\": \"Global Industries\"\n}",
							"options": {
								"raw": {
									"language": "json"
								}
							}
						},
						"url": {
							"raw": "https://poc-apis-bfs.azurewebsites.net/1.0/tenants"
						}
					},
					"response": []
				},
				{
					"name": "Update Tenant 1",
					"request": {
						"method": "PUT",
						"header": [
							{
								"key": "X-BFS-Auth",
								"value": "e3b0c44298fc1c149afbf4c8996fb92427ae41e4649b934ca495991b7852b855",
								"type": "text"
							}
						],
						"body": {
							"mode": "raw",
							"raw": "{\n    \"TenantId\":\"tenant-1\",\n    \"TenantName\": \"Acme Corp Updated\"\n}",
							"options": {
								"raw": {
									"language": "json"
								}
							}
						},
						"url": {
							"raw": "https://poc-apis-bfs.azurewebsites.net/1.0/tenants/tenant-1"
						}
					},
					"response": []
				},
				{
					"name": "Get All Tenants",
					"request": {
						"method": "GET",
						"header": [
							{
								"key": "X-BFS-Auth",
								"value": "e3b0c44298fc1c149afbf4c8996fb92427ae41e4649b934ca495991b7852b855",
								"type": "text"
							}
						],
						"url": {
							"raw": "https://poc-apis-bfs.azurewebsites.net/1.0/tenants"
						}
					},
					"response": []
				}
			]
		}
	]
}
