{
  "CustomerId": "CUST999",
  "Name": "Example Company Inc",
  "BillAcctId": null,
  "InvoiceAcctId": null,
  "CustomerType": null,
  "AccountType": null,
  "SortedName": null,
  "Address": {
    "Street": "456 Business Ave",
    "City": "New York",
    "State": "NY",
    "Zip": "10001",
    "Country": "USA"
  },
  "Phone1": "+1-555-9876",
  "Phone2": null,
  "Status": "Active",
  "PortalEnabled": null,
  "IsPayInAdvance": null,
  "InvoiceMethod": null,
  "InvoiceMethodDesc": null,
  "StatementMethod": null,
  "StatementMethodDesc": null,
  "Location": null,
  "CreditLocation": null,
  "Market": null,
  "IsTaxable": null,
  "TaxCode": null,
  "TaxStatus": null,
  "UseContractLimit": null,
  "ConvertPricing": null,
  "RequirePO": null,
  "RequireBuyer": null,
  "RequireValidJob": null,
  "RequireCostCode": null,
  "RequireSignature": null,
  "AllowAddJob": null,
  "AllowBackOrder": null,
  "AllowPromoPricing": null,
  "AllowEmployeePricing": null,
  "AllowRetailDiscountPricing": null,
  "PricingMethod": null,
  "IsInCityLimits": null,
  "HasChameleonSalesperson": null,
  "Salespeople": null,
  "ChameleonSalespeople": null,
  "CostCodes": null,
  "Buyers": null,
  "Contracts": null,
  "Tags": null,
  "Notes": null,
  "Preferences": null,
  "Metadata": null,
  "AdditionalData": null,
  "Loyalty": null,
  "Orders": null,
  "PaymentMethods": null,
  "CustomFields": null,
  "AuditTrail": null,
  "Relationships": null,
  "Attachments": null,
  "SourceId": null,
  "SourceCreateTime": null,
  "SourceUpdateTime": null,
  "SourceETag": null,
  "SourceSeqId": null
}
